epoch,time,train/box_loss,train/cls_loss,train/dfl_loss,metrics/precision(B),metrics/recall(B),metrics/mAP50(B),metrics/mAP50-95(B),val/box_loss,val/cls_loss,val/dfl_loss,lr/pg0,lr/pg1,lr/pg2,lr/pg3,lr/pg4,lr/pg5,lr/pg6,lr/pg7
1,76.8898,1.49261,2.82825,1.52761,0.47426,0.39997,0.39226,0.18593,1.73698,1.87574,1.67397,0.00995455,0.00331818,0.00995455,0.00331818,0.00995455,0.00331818,0.00995455,0.00331818
2,131.331,1.39987,1.7973,1.47086,0.66529,0.37371,0.43265,0.19596,1.79977,1.82705,1.76627,0.0199052,0.00663505,0.0199052,0.00663505,0.0199052,0.00663505,0.0199052,0.00663505
3,181.838,1.42993,1.77088,1.47772,0.44029,0.34407,0.30913,0.13732,2.01535,2.30765,1.97698,0.0298063,0.00993542,0.0298063,0.00993542,0.0298063,0.00993542,0.0298063,0.00993542
4,231.036,1.45204,1.79291,1.50311,0.50018,0.34026,0.32645,0.1487,2.0111,2.51352,1.95766,0.0297773,0.00992575,0.0297773,0.00992575,0.0297773,0.00992575,0.0297773,0.00992575
5,280.106,1.4163,1.69428,1.47716,0.56516,0.40634,0.42031,0.17608,2.04787,1.88011,1.97168,0.029703,0.009901,0.029703,0.009901,0.029703,0.009901,0.029703,0.009901
6,329.2,1.39155,1.61889,1.45391,0.61321,0.42045,0.44262,0.21052,1.91858,1.88098,1.84709,0.0296288,0.00987625,0.0296288,0.00987625,0.0296288,0.00987625,0.0296288,0.00987625
7,378.413,1.37807,1.54922,1.43343,0.61873,0.45386,0.48656,0.23429,1.88022,1.69704,1.82275,0.0295545,0.0098515,0.0295545,0.0098515,0.0295545,0.0098515,0.0295545,0.0098515
8,427.133,1.35252,1.50479,1.42643,0.6781,0.47432,0.51145,0.23504,1.85564,1.58049,1.80844,0.0294802,0.00982675,0.0294802,0.00982675,0.0294802,0.00982675,0.0294802,0.00982675
9,476.204,1.33686,1.45946,1.4147,0.70157,0.4576,0.5254,0.25019,1.78119,1.48225,1.75433,0.029406,0.009802,0.029406,0.009802,0.029406,0.009802,0.029406,0.009802
10,525.736,1.33258,1.43553,1.40833,0.69302,0.48735,0.52937,0.24946,1.83562,1.60456,1.79688,0.0293318,0.00977725,0.0293318,0.00977725,0.0293318,0.00977725,0.0293318,0.00977725
11,575.209,1.31013,1.38829,1.38874,0.67888,0.50043,0.54527,0.25445,1.81918,1.50304,1.76876,0.0292575,0.0097525,0.0292575,0.0097525,0.0292575,0.0097525,0.0292575,0.0097525
12,624.335,1.29728,1.35659,1.38179,0.66122,0.49117,0.53392,0.25806,1.83438,1.45931,1.75347,0.0291833,0.00972775,0.0291833,0.00972775,0.0291833,0.00972775,0.0291833,0.00972775
13,673.739,1.29011,1.32784,1.37645,0.69472,0.55104,0.58849,0.29564,1.7636,1.39625,1.70455,0.029109,0.009703,0.029109,0.009703,0.029109,0.009703,0.029109,0.009703
14,722.664,1.28298,1.3159,1.36708,0.67192,0.49622,0.54616,0.2634,1.8642,1.46898,1.78182,0.0290348,0.00967825,0.0290348,0.00967825,0.0290348,0.00967825,0.0290348,0.00967825
15,771.987,1.27694,1.27515,1.35703,0.72385,0.51579,0.56817,0.27855,1.82921,1.44284,1.78388,0.0289605,0.0096535,0.0289605,0.0096535,0.0289605,0.0096535,0.0289605,0.0096535
16,821.167,1.25929,1.26798,1.34946,0.66205,0.54617,0.57225,0.28482,1.81312,1.33296,1.74505,0.0288862,0.00962875,0.0288862,0.00962875,0.0288862,0.00962875,0.0288862,0.00962875
17,870.611,1.25871,1.23882,1.34279,0.72442,0.57329,0.61149,0.30225,1.80483,1.26786,1.72699,0.028812,0.009604,0.028812,0.009604,0.028812,0.009604,0.028812,0.009604
18,919.876,1.23068,1.22549,1.33292,0.7141,0.53943,0.57359,0.28259,1.8029,1.3572,1.71689,0.0287377,0.00957925,0.0287377,0.00957925,0.0287377,0.00957925,0.0287377,0.00957925
19,969.133,1.23409,1.19976,1.33164,0.73862,0.54651,0.5978,0.28991,1.81353,1.261,1.73563,0.0286635,0.0095545,0.0286635,0.0095545,0.0286635,0.0095545,0.0286635,0.0095545
20,1018.39,1.23805,1.1988,1.33339,0.73444,0.55888,0.61046,0.30214,1.79473,1.31882,1.70882,0.0285893,0.00952975,0.0285893,0.00952975,0.0285893,0.00952975,0.0285893,0.00952975
21,1067.51,1.22031,1.17738,1.3234,0.69623,0.56601,0.5934,0.29598,1.78471,1.30651,1.73516,0.028515,0.009505,0.028515,0.009505,0.028515,0.009505,0.028515,0.009505
22,1116.55,1.21933,1.16824,1.3208,0.73684,0.56391,0.59743,0.299,1.76583,1.25036,1.67261,0.0284408,0.00948025,0.0284408,0.00948025,0.0284408,0.00948025,0.0284408,0.00948025
23,1168.71,1.21925,1.14471,1.31462,0.76895,0.56682,0.63255,0.30951,1.75844,1.23925,1.69518,0.0283665,0.0094555,0.0283665,0.0094555,0.0283665,0.0094555,0.0283665,0.0094555
24,1221.79,1.20842,1.1491,1.31478,0.72412,0.60575,0.62724,0.3266,1.73527,1.20126,1.67909,0.0282922,0.00943075,0.0282922,0.00943075,0.0282922,0.00943075,0.0282922,0.00943075
25,1271.43,1.1967,1.12161,1.30766,0.73476,0.59325,0.62786,0.31832,1.71024,1.20184,1.64997,0.028218,0.009406,0.028218,0.009406,0.028218,0.009406,0.028218,0.009406
26,1320.56,1.19989,1.11068,1.30192,0.71557,0.57222,0.60183,0.2961,1.79702,1.21567,1.72387,0.0281437,0.00938125,0.0281437,0.00938125,0.0281437,0.00938125,0.0281437,0.00938125
27,1370.01,1.18806,1.10564,1.29845,0.7382,0.59456,0.62656,0.32348,1.74151,1.17053,1.68974,0.0280695,0.0093565,0.0280695,0.0093565,0.0280695,0.0093565,0.0280695,0.0093565
28,1422.84,1.18109,1.08492,1.28499,0.73584,0.55994,0.59833,0.30031,1.84297,1.24741,1.73185,0.0279952,0.00933175,0.0279952,0.00933175,0.0279952,0.00933175,0.0279952,0.00933175
29,1470.25,1.18169,1.08182,1.28778,0.77918,0.5982,0.64629,0.33371,1.71136,1.11264,1.63119,0.027921,0.009307,0.027921,0.009307,0.027921,0.009307,0.027921,0.009307
30,1516.67,1.17381,1.06976,1.27888,0.75912,0.54636,0.5964,0.2926,1.82328,1.2315,1.72169,0.0278467,0.00928225,0.0278467,0.00928225,0.0278467,0.00928225,0.0278467,0.00928225
31,1563.03,1.17593,1.06757,1.27919,0.73374,0.5797,0.62457,0.31163,1.78957,1.21391,1.68834,0.0277725,0.0092575,0.0277725,0.0092575,0.0277725,0.0092575,0.0277725,0.0092575
32,1609.42,1.16356,1.05524,1.2755,0.73896,0.58708,0.62872,0.32806,1.76063,1.14084,1.66981,0.0276982,0.00923275,0.0276982,0.00923275,0.0276982,0.00923275,0.0276982,0.00923275
33,1655.92,1.16375,1.04102,1.26891,0.71294,0.6105,0.64143,0.317,1.81426,1.19215,1.72102,0.027624,0.009208,0.027624,0.009208,0.027624,0.009208,0.027624,0.009208
34,1702.29,1.15127,1.02865,1.2651,0.77579,0.59944,0.64865,0.33009,1.69082,1.14686,1.6142,0.0275497,0.00918325,0.0275497,0.00918325,0.0275497,0.00918325,0.0275497,0.00918325
35,1748.6,1.15939,1.02484,1.26666,0.76239,0.62213,0.66443,0.34395,1.75376,1.10586,1.63073,0.0274755,0.0091585,0.0274755,0.0091585,0.0274755,0.0091585,0.0274755,0.0091585
36,1795.01,1.14703,1.02753,1.26318,0.79659,0.59093,0.65427,0.33808,1.72514,1.12236,1.65285,0.0274012,0.00913375,0.0274012,0.00913375,0.0274012,0.00913375,0.0274012,0.00913375
37,1841.3,1.14544,1.01315,1.2592,0.70266,0.59296,0.61388,0.32,1.76346,1.12967,1.66222,0.027327,0.009109,0.027327,0.009109,0.027327,0.009109,0.027327,0.009109
38,1887.74,1.14576,1.01309,1.26415,0.76816,0.59525,0.64553,0.3348,1.7136,1.06063,1.63592,0.0272527,0.00908425,0.0272527,0.00908425,0.0272527,0.00908425,0.0272527,0.00908425
39,1934.24,1.12625,0.99866,1.24803,0.75958,0.57213,0.63458,0.31269,1.83879,1.14971,1.73418,0.0271785,0.0090595,0.0271785,0.0090595,0.0271785,0.0090595,0.0271785,0.0090595
40,1980.58,1.12559,0.9833,1.24678,0.78567,0.58446,0.64874,0.34076,1.74825,1.07215,1.65507,0.0271042,0.00903475,0.0271042,0.00903475,0.0271042,0.00903475,0.0271042,0.00903475
41,2027.07,1.13285,0.98031,1.2464,0.76801,0.63604,0.6804,0.37414,1.61516,1.01782,1.55858,0.02703,0.00901,0.02703,0.00901,0.02703,0.00901,0.02703,0.00901
42,2073.56,1.12582,0.97693,1.24316,0.73337,0.59345,0.63284,0.32446,1.77631,1.11457,1.66808,0.0269558,0.00898525,0.0269558,0.00898525,0.0269558,0.00898525,0.0269558,0.00898525
43,2119.8,1.11884,0.96573,1.24218,0.78116,0.61449,0.66414,0.35812,1.64522,1.04938,1.5787,0.0268815,0.0089605,0.0268815,0.0089605,0.0268815,0.0089605,0.0268815,0.0089605
44,2166.32,1.12121,0.9714,1.24442,0.76206,0.61207,0.66361,0.35011,1.71895,1.06641,1.62027,0.0268072,0.00893575,0.0268072,0.00893575,0.0268072,0.00893575,0.0268072,0.00893575
45,2212.83,1.10702,0.9583,1.23758,0.70655,0.61442,0.63759,0.32813,1.79484,1.09417,1.69192,0.026733,0.008911,0.026733,0.008911,0.026733,0.008911,0.026733,0.008911
46,2259.36,1.11639,0.95315,1.23844,0.79112,0.58851,0.64743,0.35103,1.68882,1.04883,1.60817,0.0266587,0.00888625,0.0266587,0.00888625,0.0266587,0.00888625,0.0266587,0.00888625
47,2305.71,1.10433,0.94915,1.23521,0.72279,0.57228,0.61124,0.30858,1.79506,1.16431,1.68867,0.0265845,0.0088615,0.0265845,0.0088615,0.0265845,0.0088615,0.0265845,0.0088615
48,2352.02,1.10428,0.94632,1.23353,0.77622,0.60313,0.65509,0.33069,1.77504,1.05415,1.6739,0.0265103,0.00883675,0.0265103,0.00883675,0.0265103,0.00883675,0.0265103,0.00883675
49,2398.43,1.10028,0.93609,1.23327,0.76909,0.63254,0.66139,0.34366,1.73283,1.04523,1.66253,0.026436,0.008812,0.026436,0.008812,0.026436,0.008812,0.026436,0.008812
50,2444.95,1.09537,0.92853,1.22352,0.74794,0.61733,0.64568,0.33073,1.83263,1.05431,1.72962,0.0263617,0.00878725,0.0263617,0.00878725,0.0263617,0.00878725,0.0263617,0.00878725
51,2491.28,1.08865,0.93274,1.22855,0.77044,0.61639,0.64321,0.33627,1.77448,1.06083,1.67362,0.0262875,0.0087625,0.0262875,0.0087625,0.0262875,0.0087625,0.0262875,0.0087625
52,2537.55,1.09727,0.92616,1.22871,0.79954,0.60124,0.65911,0.35188,1.71473,1.03899,1.62889,0.0262133,0.00873775,0.0262133,0.00873775,0.0262133,0.00873775,0.0262133,0.00873775
53,2583.85,1.08938,0.92613,1.22324,0.80475,0.62166,0.66912,0.35727,1.69116,0.99853,1.61432,0.026139,0.008713,0.026139,0.008713,0.026139,0.008713,0.026139,0.008713
54,2630.22,1.0812,0.91345,1.21805,0.81304,0.61721,0.67605,0.36526,1.68944,0.99525,1.59835,0.0260647,0.00868825,0.0260647,0.00868825,0.0260647,0.00868825,0.0260647,0.00868825
55,2676.58,1.08561,0.90829,1.21844,0.79895,0.65907,0.69673,0.3708,1.64298,0.98836,1.58939,0.0259905,0.0086635,0.0259905,0.0086635,0.0259905,0.0086635,0.0259905,0.0086635
56,2723.05,1.08777,0.90714,1.21366,0.7971,0.64419,0.68283,0.36008,1.67315,0.99843,1.60124,0.0259163,0.00863875,0.0259163,0.00863875,0.0259163,0.00863875,0.0259163,0.00863875
57,2769.61,1.06804,0.89242,1.20859,0.78845,0.63649,0.68499,0.37561,1.62869,1.00597,1.58111,0.025842,0.008614,0.025842,0.008614,0.025842,0.008614,0.025842,0.008614
58,2816.11,1.07187,0.88999,1.20922,0.78171,0.64227,0.67949,0.36291,1.67996,1.00551,1.60221,0.0257677,0.00858925,0.0257677,0.00858925,0.0257677,0.00858925,0.0257677,0.00858925
59,2862.47,1.07249,0.89366,1.20969,0.78446,0.65207,0.70143,0.39198,1.56714,0.92959,1.51395,0.0256935,0.0085645,0.0256935,0.0085645,0.0256935,0.0085645,0.0256935,0.0085645
60,2908.9,1.06948,0.89408,1.20834,0.79315,0.62264,0.67319,0.36258,1.69624,1.01231,1.61138,0.0256192,0.00853975,0.0256192,0.00853975,0.0256192,0.00853975,0.0256192,0.00853975
61,2955.31,1.06356,0.87329,1.20306,0.79758,0.63901,0.70022,0.36594,1.69424,0.97585,1.60429,0.025545,0.008515,0.025545,0.008515,0.025545,0.008515,0.025545,0.008515
62,3001.78,1.07268,0.88889,1.20783,0.80657,0.60483,0.67557,0.35045,1.70617,0.99593,1.6346,0.0254708,0.00849025,0.0254708,0.00849025,0.0254708,0.00849025,0.0254708,0.00849025
63,3048.12,1.06377,0.8813,1.20714,0.79137,0.64299,0.68389,0.36766,1.68201,0.98963,1.61179,0.0253965,0.0084655,0.0253965,0.0084655,0.0253965,0.0084655,0.0253965,0.0084655
64,3094.3,1.05157,0.87924,1.20361,0.80358,0.64155,0.69853,0.37491,1.62855,0.94914,1.56696,0.0253223,0.00844075,0.0253223,0.00844075,0.0253223,0.00844075,0.0253223,0.00844075
65,3140.77,1.05903,0.87419,1.19389,0.79825,0.63512,0.67398,0.36017,1.6892,0.96746,1.61465,0.025248,0.008416,0.025248,0.008416,0.025248,0.008416,0.025248,0.008416
66,3187.13,1.0602,0.87402,1.19799,0.75907,0.63239,0.67782,0.38288,1.61861,0.9659,1.5642,0.0251737,0.00839125,0.0251737,0.00839125,0.0251737,0.00839125,0.0251737,0.00839125
67,3233.54,1.05326,0.87125,1.19853,0.7912,0.64405,0.6914,0.35436,1.73418,0.95554,1.64568,0.0250995,0.0083665,0.0250995,0.0083665,0.0250995,0.0083665,0.0250995,0.0083665
68,3280.22,1.05462,0.86199,1.19527,0.79613,0.63763,0.68081,0.35787,1.70382,0.99627,1.6482,0.0250252,0.00834175,0.0250252,0.00834175,0.0250252,0.00834175,0.0250252,0.00834175
69,3326.81,1.04328,0.86041,1.19089,0.77528,0.65715,0.68192,0.36427,1.68468,0.97168,1.62591,0.024951,0.008317,0.024951,0.008317,0.024951,0.008317,0.024951,0.008317
70,3373.1,1.04913,0.85584,1.18978,0.81933,0.65059,0.70299,0.37604,1.67235,0.92127,1.60591,0.0248767,0.00829225,0.0248767,0.00829225,0.0248767,0.00829225,0.0248767,0.00829225
71,3419.6,1.05271,0.85648,1.19275,0.81536,0.62788,0.68935,0.37282,1.65803,0.9205,1.60695,0.0248025,0.0082675,0.0248025,0.0082675,0.0248025,0.0082675,0.0248025,0.0082675
72,3465.94,1.03522,0.84784,1.18134,0.83775,0.65931,0.71141,0.38207,1.64585,0.93969,1.58672,0.0247282,0.00824275,0.0247282,0.00824275,0.0247282,0.00824275,0.0247282,0.00824275
73,3512.12,1.03639,0.8423,1.18338,0.77924,0.65045,0.68836,0.37245,1.65067,0.98079,1.58489,0.024654,0.008218,0.024654,0.008218,0.024654,0.008218,0.024654,0.008218
74,3558.55,1.02771,0.83777,1.18734,0.81953,0.63533,0.68904,0.37944,1.66616,0.9851,1.60571,0.0245797,0.00819325,0.0245797,0.00819325,0.0245797,0.00819325,0.0245797,0.00819325
75,3604.95,1.04276,0.85257,1.18943,0.83319,0.64216,0.69552,0.37691,1.67379,0.94771,1.61397,0.0245055,0.0081685,0.0245055,0.0081685,0.0245055,0.0081685,0.0245055,0.0081685
76,3651.33,1.02016,0.82842,1.18097,0.80772,0.63764,0.70307,0.38263,1.61844,0.95164,1.58907,0.0244312,0.00814375,0.0244312,0.00814375,0.0244312,0.00814375,0.0244312,0.00814375
77,3697.71,1.03205,0.84184,1.18316,0.84727,0.678,0.7148,0.3738,1.69899,0.91877,1.64577,0.024357,0.008119,0.024357,0.008119,0.024357,0.008119,0.024357,0.008119
78,3744.02,1.03057,0.82402,1.17429,0.8279,0.66165,0.70593,0.37805,1.69183,0.92826,1.61296,0.0242827,0.00809425,0.0242827,0.00809425,0.0242827,0.00809425,0.0242827,0.00809425
79,3790.33,1.03297,0.83364,1.18117,0.8543,0.65315,0.70863,0.37711,1.66246,0.92733,1.60712,0.0242085,0.0080695,0.0242085,0.0080695,0.0242085,0.0080695,0.0242085,0.0080695
80,3836.64,1.02446,0.82366,1.17476,0.83449,0.67833,0.72633,0.38855,1.63177,0.89102,1.56871,0.0241342,0.00804475,0.0241342,0.00804475,0.0241342,0.00804475,0.0241342,0.00804475
81,3882.92,1.0182,0.81821,1.17025,0.86916,0.64964,0.71345,0.37835,1.65917,0.91626,1.61423,0.02406,0.00802,0.02406,0.00802,0.02406,0.00802,0.02406,0.00802
82,3929.19,1.02078,0.81976,1.17098,0.8084,0.67523,0.71523,0.39024,1.60997,0.91013,1.56269,0.0239858,0.00799525,0.0239858,0.00799525,0.0239858,0.00799525,0.0239858,0.00799525
83,3975.43,1.01161,0.81531,1.17095,0.84882,0.64083,0.70781,0.3858,1.61979,0.92879,1.56206,0.0239115,0.0079705,0.0239115,0.0079705,0.0239115,0.0079705,0.0239115,0.0079705
84,4021.86,1.01641,0.80784,1.17109,0.79907,0.68053,0.71139,0.38358,1.63431,0.89958,1.56755,0.0238373,0.00794575,0.0238373,0.00794575,0.0238373,0.00794575,0.0238373,0.00794575
85,4068.21,1.01651,0.80862,1.17223,0.78338,0.66848,0.69526,0.37984,1.64317,0.93534,1.5818,0.023763,0.007921,0.023763,0.007921,0.023763,0.007921,0.023763,0.007921
86,4114.7,1.01842,0.81334,1.17063,0.85913,0.63974,0.7061,0.38623,1.63544,0.92427,1.55349,0.0236888,0.00789625,0.0236888,0.00789625,0.0236888,0.00789625,0.0236888,0.00789625
87,4161.06,1.01546,0.80532,1.16729,0.84577,0.64455,0.70597,0.37163,1.6942,0.94034,1.61064,0.0236145,0.0078715,0.0236145,0.0078715,0.0236145,0.0078715,0.0236145,0.0078715
88,4207.45,1.00376,0.80652,1.16378,0.79554,0.63554,0.68463,0.35785,1.74462,0.96201,1.65347,0.0235402,0.00784675,0.0235402,0.00784675,0.0235402,0.00784675,0.0235402,0.00784675
89,4253.94,0.99903,0.8009,1.16507,0.83972,0.66005,0.72186,0.39132,1.59904,0.89517,1.53455,0.023466,0.007822,0.023466,0.007822,0.023466,0.007822,0.023466,0.007822
90,4300.35,0.99603,0.79533,1.15744,0.84036,0.65984,0.72366,0.39701,1.62725,0.86444,1.56793,0.0233917,0.00779725,0.0233917,0.00779725,0.0233917,0.00779725,0.0233917,0.00779725
91,4346.81,1.00553,0.79741,1.16642,0.81935,0.66707,0.70955,0.37966,1.64436,0.92077,1.57505,0.0233175,0.0077725,0.0233175,0.0077725,0.0233175,0.0077725,0.0233175,0.0077725
92,4393.32,1.00775,0.79159,1.16277,0.82614,0.66842,0.7014,0.38491,1.62995,0.89165,1.55648,0.0232433,0.00774775,0.0232433,0.00774775,0.0232433,0.00774775,0.0232433,0.00774775
93,4439.52,0.99893,0.79114,1.16186,0.81031,0.66925,0.70437,0.38006,1.62613,0.90215,1.57698,0.023169,0.007723,0.023169,0.007723,0.023169,0.007723,0.023169,0.007723
94,4485.85,0.98791,0.77735,1.15598,0.82469,0.65585,0.70087,0.38518,1.61582,0.90755,1.5664,0.0230947,0.00769825,0.0230947,0.00769825,0.0230947,0.00769825,0.0230947,0.00769825
95,4532.35,1.00313,0.78614,1.15817,0.83435,0.65143,0.70088,0.38102,1.64723,0.90669,1.58676,0.0230205,0.0076735,0.0230205,0.0076735,0.0230205,0.0076735,0.0230205,0.0076735
96,4578.64,0.99958,0.7834,1.16099,0.82515,0.65142,0.69934,0.38175,1.66234,0.90485,1.59512,0.0229462,0.00764875,0.0229462,0.00764875,0.0229462,0.00764875,0.0229462,0.00764875
97,4625.22,0.99046,0.78555,1.15405,0.83128,0.67802,0.71192,0.40364,1.60436,0.8732,1.55047,0.022872,0.007624,0.022872,0.007624,0.022872,0.007624,0.022872,0.007624
98,4671.6,0.99049,0.78444,1.15495,0.84769,0.66167,0.7171,0.40038,1.58641,0.87099,1.559,0.0227978,0.00759925,0.0227978,0.00759925,0.0227978,0.00759925,0.0227978,0.00759925
99,4718.07,0.98496,0.77192,1.15185,0.8319,0.66451,0.71092,0.39344,1.61359,0.87427,1.55133,0.0227235,0.0075745,0.0227235,0.0075745,0.0227235,0.0075745,0.0227235,0.0075745
100,4764.41,0.98528,0.77583,1.15276,0.8346,0.67212,0.72119,0.39897,1.56527,0.85677,1.51459,0.0226492,0.00754975,0.0226492,0.00754975,0.0226492,0.00754975,0.0226492,0.00754975
101,4810.78,0.98742,0.7797,1.14994,0.82862,0.66419,0.71794,0.38971,1.64279,0.87995,1.58924,0.022575,0.007525,0.022575,0.007525,0.022575,0.007525,0.022575,0.007525
102,4857.03,0.9801,0.77266,1.15229,0.82631,0.64622,0.6856,0.39344,1.60185,0.88927,1.54794,0.0225007,0.00750025,0.0225007,0.00750025,0.0225007,0.00750025,0.0225007,0.00750025
103,4903.58,0.98698,0.77161,1.15278,0.84516,0.65817,0.72046,0.3984,1.6101,0.87714,1.54156,0.0224265,0.0074755,0.0224265,0.0074755,0.0224265,0.0074755,0.0224265,0.0074755
104,4949.98,0.97659,0.76442,1.14622,0.84468,0.6371,0.71389,0.4038,1.61112,0.85118,1.55547,0.0223522,0.00745075,0.0223522,0.00745075,0.0223522,0.00745075,0.0223522,0.00745075
105,4996.02,0.98608,0.77341,1.14986,0.8115,0.67245,0.72265,0.40229,1.58136,0.86029,1.53505,0.022278,0.007426,0.022278,0.007426,0.022278,0.007426,0.022278,0.007426
106,5042.06,0.97601,0.76291,1.14436,0.86298,0.67938,0.73074,0.41513,1.56041,0.83911,1.52282,0.0222038,0.00740125,0.0222038,0.00740125,0.0222038,0.00740125,0.0222038,0.00740125
107,5088.33,0.97674,0.76526,1.14518,0.84525,0.6787,0.73781,0.41547,1.56601,0.82556,1.53614,0.0221295,0.0073765,0.0221295,0.0073765,0.0221295,0.0073765,0.0221295,0.0073765
108,5134.43,0.97913,0.75997,1.14537,0.84226,0.66957,0.71595,0.39716,1.62261,0.86154,1.57706,0.0220552,0.00735175,0.0220552,0.00735175,0.0220552,0.00735175,0.0220552,0.00735175
109,5180.6,0.97413,0.75766,1.14144,0.843,0.67305,0.72402,0.4032,1.59155,0.83929,1.55471,0.021981,0.007327,0.021981,0.007327,0.021981,0.007327,0.021981,0.007327
110,5226.65,0.97685,0.76537,1.14803,0.8502,0.67307,0.7287,0.40238,1.62138,0.85729,1.57878,0.0219067,0.00730225,0.0219067,0.00730225,0.0219067,0.00730225,0.0219067,0.00730225
111,5272.92,0.97303,0.75131,1.14064,0.86157,0.66726,0.7186,0.39491,1.62048,0.85466,1.56827,0.0218325,0.0072775,0.0218325,0.0072775,0.0218325,0.0072775,0.0218325,0.0072775
112,5319.07,0.97606,0.75447,1.14353,0.8593,0.64367,0.70278,0.39323,1.62203,0.855,1.57031,0.0217582,0.00725275,0.0217582,0.00725275,0.0217582,0.00725275,0.0217582,0.00725275
113,5365.16,0.9681,0.74738,1.1389,0.87259,0.66172,0.71841,0.40783,1.61276,0.84649,1.56322,0.021684,0.007228,0.021684,0.007228,0.021684,0.007228,0.021684,0.007228
114,5411.23,0.97197,0.75215,1.13954,0.85642,0.6687,0.72716,0.41571,1.56483,0.83378,1.53026,0.0216098,0.00720325,0.0216098,0.00720325,0.0216098,0.00720325,0.0216098,0.00720325
115,5457.48,0.97315,0.75031,1.13676,0.82042,0.6786,0.71669,0.39807,1.62444,0.86081,1.57434,0.0215355,0.0071785,0.0215355,0.0071785,0.0215355,0.0071785,0.0215355,0.0071785
116,5503.64,0.96796,0.75128,1.14111,0.84332,0.67208,0.71975,0.39942,1.61906,0.86741,1.54903,0.0214612,0.00715375,0.0214612,0.00715375,0.0214612,0.00715375,0.0214612,0.00715375
117,5549.65,0.9762,0.75004,1.13818,0.84144,0.67284,0.71751,0.4081,1.62313,0.86588,1.55362,0.021387,0.007129,0.021387,0.007129,0.021387,0.007129,0.021387,0.007129
118,5595.69,0.97063,0.74558,1.13611,0.82932,0.67171,0.71746,0.40783,1.61605,0.85017,1.56812,0.0213127,0.00710425,0.0213127,0.00710425,0.0213127,0.00710425,0.0213127,0.00710425
119,5641.81,0.96971,0.74398,1.13693,0.8586,0.6666,0.73379,0.41528,1.56924,0.83147,1.55274,0.0212385,0.0070795,0.0212385,0.0070795,0.0212385,0.0070795,0.0212385,0.0070795
120,5687.98,0.95956,0.74122,1.13515,0.82999,0.68302,0.72279,0.39761,1.61311,0.84689,1.57841,0.0211642,0.00705475,0.0211642,0.00705475,0.0211642,0.00705475,0.0211642,0.00705475
121,5734.34,0.96143,0.73783,1.13342,0.85922,0.67017,0.72453,0.40866,1.58414,0.8361,1.55185,0.02109,0.00703,0.02109,0.00703,0.02109,0.00703,0.02109,0.00703
122,5780.66,0.95986,0.7412,1.13434,0.84576,0.67856,0.71505,0.39461,1.61356,0.85962,1.5745,0.0210157,0.00700525,0.0210157,0.00700525,0.0210157,0.00700525,0.0210157,0.00700525
123,5826.64,0.96206,0.74363,1.13361,0.87547,0.67959,0.73875,0.4141,1.554,0.81443,1.53171,0.0209415,0.0069805,0.0209415,0.0069805,0.0209415,0.0069805,0.0209415,0.0069805
124,5872.65,0.96384,0.74066,1.13672,0.86271,0.66854,0.72876,0.40556,1.58008,0.84315,1.54957,0.0208673,0.00695575,0.0208673,0.00695575,0.0208673,0.00695575,0.0208673,0.00695575
125,5918.96,0.95076,0.72972,1.12392,0.82803,0.69168,0.72484,0.40351,1.6151,0.84012,1.58688,0.020793,0.006931,0.020793,0.006931,0.020793,0.006931,0.020793,0.006931
126,5965.21,0.95084,0.72197,1.12859,0.84509,0.68757,0.72459,0.41119,1.56764,0.83235,1.55873,0.0207188,0.00690625,0.0207188,0.00690625,0.0207188,0.00690625,0.0207188,0.00690625
127,6011.2,0.95864,0.73476,1.13157,0.85383,0.68314,0.72821,0.40834,1.5764,0.83568,1.55152,0.0206445,0.0068815,0.0206445,0.0068815,0.0206445,0.0068815,0.0206445,0.0068815
128,6057.43,0.94373,0.72219,1.12277,0.8475,0.67573,0.72345,0.40579,1.59394,0.81929,1.56963,0.0205703,0.00685675,0.0205703,0.00685675,0.0205703,0.00685675,0.0205703,0.00685675
129,6103.59,0.95257,0.72872,1.1278,0.84888,0.67471,0.73522,0.41171,1.56764,0.81879,1.56385,0.020496,0.006832,0.020496,0.006832,0.020496,0.006832,0.020496,0.006832
130,6149.4,0.94411,0.72547,1.13091,0.85976,0.64987,0.71952,0.40078,1.62421,0.84846,1.59992,0.0204217,0.00680725,0.0204217,0.00680725,0.0204217,0.00680725,0.0204217,0.00680725
131,6195.57,0.94949,0.72864,1.12536,0.83503,0.68283,0.72624,0.41654,1.58949,0.82628,1.57206,0.0203475,0.0067825,0.0203475,0.0067825,0.0203475,0.0067825,0.0203475,0.0067825
132,6241.86,0.94972,0.72345,1.12359,0.84498,0.67356,0.72994,0.40552,1.58781,0.81955,1.56875,0.0202732,0.00675775,0.0202732,0.00675775,0.0202732,0.00675775,0.0202732,0.00675775
133,6288.14,0.94757,0.7275,1.12457,0.84241,0.69676,0.73657,0.41092,1.57753,0.82366,1.55881,0.020199,0.006733,0.020199,0.006733,0.020199,0.006733,0.020199,0.006733
134,6334.07,0.94273,0.71617,1.12478,0.85532,0.69072,0.73651,0.41183,1.57582,0.81803,1.55747,0.0201248,0.00670825,0.0201248,0.00670825,0.0201248,0.00670825,0.0201248,0.00670825
135,6380.12,0.94522,0.72119,1.12379,0.81609,0.69777,0.73012,0.41262,1.58325,0.82111,1.56013,0.0200505,0.0066835,0.0200505,0.0066835,0.0200505,0.0066835,0.0200505,0.0066835
136,6426.19,0.942,0.72039,1.11933,0.85151,0.67566,0.72695,0.40824,1.61313,0.83323,1.57712,0.0199762,0.00665875,0.0199762,0.00665875,0.0199762,0.00665875,0.0199762,0.00665875
137,6472.33,0.94253,0.72067,1.12141,0.81125,0.703,0.73187,0.41183,1.58196,0.8114,1.54845,0.019902,0.006634,0.019902,0.006634,0.019902,0.006634,0.019902,0.006634
138,6518.5,0.93926,0.71635,1.12041,0.86104,0.69837,0.74587,0.42303,1.56425,0.81157,1.54282,0.0198277,0.00660925,0.0198277,0.00660925,0.0198277,0.00660925,0.0198277,0.00660925
139,6564.56,0.93638,0.71919,1.12408,0.87642,0.67586,0.75366,0.42019,1.57899,0.7991,1.53422,0.0197535,0.0065845,0.0197535,0.0065845,0.0197535,0.0065845,0.0197535,0.0065845
140,6610.48,0.93878,0.71125,1.1201,0.86331,0.68316,0.74762,0.41652,1.59198,0.80716,1.55962,0.0196793,0.00655975,0.0196793,0.00655975,0.0196793,0.00655975,0.0196793,0.00655975
141,6656.41,0.93514,0.71234,1.11966,0.85297,0.68837,0.74415,0.41909,1.54146,0.80806,1.51637,0.019605,0.006535,0.019605,0.006535,0.019605,0.006535,0.019605,0.006535
142,6702.51,0.93459,0.70744,1.11773,0.85229,0.66972,0.72912,0.41965,1.54262,0.81262,1.52011,0.0195307,0.00651025,0.0195307,0.00651025,0.0195307,0.00651025,0.0195307,0.00651025
143,6748.59,0.93299,0.70945,1.11383,0.82644,0.69299,0.73467,0.42144,1.54691,0.8189,1.53227,0.0194565,0.0064855,0.0194565,0.0064855,0.0194565,0.0064855,0.0194565,0.0064855
144,6794.66,0.93113,0.70331,1.11981,0.82043,0.6949,0.7396,0.41289,1.58222,0.82534,1.55499,0.0193823,0.00646075,0.0193823,0.00646075,0.0193823,0.00646075,0.0193823,0.00646075
145,6840.87,0.9284,0.70754,1.11444,0.8699,0.68537,0.74937,0.42265,1.55099,0.8016,1.53592,0.019308,0.006436,0.019308,0.006436,0.019308,0.006436,0.019308,0.006436
146,6886.87,0.92934,0.69988,1.11811,0.87075,0.66389,0.73837,0.41725,1.57133,0.81637,1.55291,0.0192337,0.00641125,0.0192337,0.00641125,0.0192337,0.00641125,0.0192337,0.00641125
147,6932.9,0.92857,0.70171,1.11349,0.84183,0.69,0.74611,0.42109,1.56758,0.81121,1.55515,0.0191595,0.0063865,0.0191595,0.0063865,0.0191595,0.0063865,0.0191595,0.0063865
148,6978.8,0.92729,0.70013,1.11445,0.82896,0.68907,0.74288,0.41722,1.5608,0.81065,1.53897,0.0190853,0.00636175,0.0190853,0.00636175,0.0190853,0.00636175,0.0190853,0.00636175
149,7024.91,0.91815,0.70161,1.10929,0.84765,0.67939,0.74286,0.42272,1.54252,0.79661,1.52565,0.019011,0.006337,0.019011,0.006337,0.019011,0.006337,0.019011,0.006337
150,7070.99,0.92433,0.69867,1.11158,0.84982,0.69565,0.75023,0.42885,1.53459,0.77758,1.51665,0.0189367,0.00631225,0.0189367,0.00631225,0.0189367,0.00631225,0.0189367,0.00631225
151,7117.33,0.92458,0.69381,1.10554,0.85502,0.68255,0.74329,0.42105,1.55183,0.79786,1.53006,0.0188625,0.0062875,0.0188625,0.0062875,0.0188625,0.0062875,0.0188625,0.0062875
152,7163.26,0.9117,0.68674,1.10723,0.83743,0.69889,0.75122,0.42432,1.54954,0.78969,1.52014,0.0187882,0.00626275,0.0187882,0.00626275,0.0187882,0.00626275,0.0187882,0.00626275
153,7209.3,0.92645,0.69971,1.1127,0.83144,0.69771,0.74489,0.42174,1.54346,0.79915,1.52275,0.018714,0.006238,0.018714,0.006238,0.018714,0.006238,0.018714,0.006238
154,7255.31,0.92209,0.69516,1.11284,0.86406,0.66365,0.73192,0.41708,1.54636,0.80012,1.52413,0.0186397,0.00621325,0.0186397,0.00621325,0.0186397,0.00621325,0.0186397,0.00621325
155,7301.34,0.92385,0.68954,1.11075,0.87707,0.67203,0.73642,0.42079,1.55073,0.80748,1.52917,0.0185655,0.0061885,0.0185655,0.0061885,0.0185655,0.0061885,0.0185655,0.0061885
156,7347.35,0.91145,0.69035,1.10612,0.88213,0.66966,0.74321,0.42871,1.52843,0.78151,1.52728,0.0184913,0.00616375,0.0184913,0.00616375,0.0184913,0.00616375,0.0184913,0.00616375
157,7393.45,0.91057,0.68137,1.10447,0.8756,0.67577,0.7444,0.4262,1.5386,0.78693,1.53749,0.018417,0.006139,0.018417,0.006139,0.018417,0.006139,0.018417,0.006139
158,7439.66,0.92342,0.6907,1.10908,0.84676,0.69232,0.73862,0.42712,1.52506,0.77186,1.52587,0.0183427,0.00611425,0.0183427,0.00611425,0.0183427,0.00611425,0.0183427,0.00611425
159,7486.09,0.91566,0.6805,1.10491,0.88145,0.67128,0.74194,0.4328,1.50724,0.76936,1.51134,0.0182685,0.0060895,0.0182685,0.0060895,0.0182685,0.0060895,0.0182685,0.0060895
160,7532.19,0.91456,0.68616,1.10858,0.8625,0.68007,0.74458,0.43864,1.50308,0.75641,1.51,0.0181942,0.00606475,0.0181942,0.00606475,0.0181942,0.00606475,0.0181942,0.00606475
161,7578.33,0.91489,0.68551,1.10198,0.87554,0.68802,0.74889,0.43929,1.51244,0.77583,1.51338,0.01812,0.00604,0.01812,0.00604,0.01812,0.00604,0.01812,0.00604
162,7624.59,0.91637,0.68662,1.10775,0.86692,0.69159,0.74392,0.43384,1.5294,0.77779,1.51923,0.0180457,0.00601525,0.0180457,0.00601525,0.0180457,0.00601525,0.0180457,0.00601525
163,7670.58,0.90802,0.68214,1.10497,0.8688,0.67977,0.73374,0.42662,1.53883,0.79274,1.52809,0.0179715,0.0059905,0.0179715,0.0059905,0.0179715,0.0059905,0.0179715,0.0059905
164,7716.69,0.90734,0.68631,1.10535,0.86598,0.68196,0.73233,0.42285,1.56491,0.7919,1.54481,0.0178972,0.00596575,0.0178972,0.00596575,0.0178972,0.00596575,0.0178972,0.00596575
165,7762.89,0.907,0.67912,1.10088,0.84623,0.69335,0.73732,0.42819,1.55091,0.77967,1.53396,0.017823,0.005941,0.017823,0.005941,0.017823,0.005941,0.017823,0.005941
166,7808.76,0.90885,0.68356,1.10742,0.8435,0.68591,0.73364,0.42903,1.54463,0.78239,1.53346,0.0177488,0.00591625,0.0177488,0.00591625,0.0177488,0.00591625,0.0177488,0.00591625
167,7854.84,0.90822,0.68027,1.10019,0.85752,0.6674,0.72534,0.42322,1.55748,0.80224,1.5414,0.0176745,0.0058915,0.0176745,0.0058915,0.0176745,0.0058915,0.0176745,0.0058915
168,7901.04,0.90804,0.67226,1.09923,0.82655,0.69172,0.73713,0.43002,1.53717,0.7903,1.51982,0.0176003,0.00586675,0.0176003,0.00586675,0.0176003,0.00586675,0.0176003,0.00586675
169,7946.94,0.90122,0.6709,1.09953,0.83722,0.69172,0.73785,0.43173,1.52341,0.78505,1.50809,0.017526,0.005842,0.017526,0.005842,0.017526,0.005842,0.017526,0.005842
170,7992.76,0.89964,0.67849,1.10132,0.8809,0.66436,0.73793,0.4287,1.5386,0.78356,1.5316,0.0174518,0.00581725,0.0174518,0.00581725,0.0174518,0.00581725,0.0174518,0.00581725
171,8038.69,0.91204,0.67604,1.10044,0.87184,0.66578,0.72909,0.42634,1.55146,0.78343,1.5496,0.0173775,0.0057925,0.0173775,0.0057925,0.0173775,0.0057925,0.0173775,0.0057925
172,8084.68,0.9009,0.67677,1.09708,0.83576,0.68169,0.7287,0.43048,1.53838,0.77708,1.53757,0.0173032,0.00576775,0.0173032,0.00576775,0.0173032,0.00576775,0.0173032,0.00576775
173,8130.54,0.90093,0.67223,1.09865,0.8446,0.6963,0.74962,0.43746,1.52899,0.75658,1.52616,0.017229,0.005743,0.017229,0.005743,0.017229,0.005743,0.017229,0.005743
174,8176.82,0.89879,0.67105,1.0986,0.85854,0.69144,0.757,0.43434,1.52764,0.76549,1.52515,0.0171547,0.00571825,0.0171547,0.00571825,0.0171547,0.00571825,0.0171547,0.00571825
175,8222.98,0.89976,0.66702,1.09707,0.88145,0.67869,0.75105,0.42609,1.54059,0.77114,1.53426,0.0170805,0.0056935,0.0170805,0.0056935,0.0170805,0.0056935,0.0170805,0.0056935
176,8269.07,0.89157,0.6676,1.09716,0.87452,0.67111,0.73955,0.42886,1.54092,0.77548,1.53243,0.0170063,0.00566875,0.0170063,0.00566875,0.0170063,0.00566875,0.0170063,0.00566875
177,8315.06,0.89339,0.66526,1.09511,0.87058,0.68129,0.7419,0.42906,1.54814,0.78534,1.54111,0.016932,0.005644,0.016932,0.005644,0.016932,0.005644,0.016932,0.005644
178,8360.99,0.89409,0.66747,1.09722,0.87261,0.68919,0.74313,0.42708,1.55693,0.78194,1.55218,0.0168578,0.00561925,0.0168578,0.00561925,0.0168578,0.00561925,0.0168578,0.00561925
179,8406.95,0.89696,0.66497,1.09319,0.88203,0.68978,0.74161,0.4295,1.55096,0.78133,1.54214,0.0167835,0.0055945,0.0167835,0.0055945,0.0167835,0.0055945,0.0167835,0.0055945
180,8453.15,0.90129,0.66186,1.09406,0.87976,0.68646,0.74391,0.43255,1.53932,0.77451,1.53536,0.0167092,0.00556975,0.0167092,0.00556975,0.0167092,0.00556975,0.0167092,0.00556975
181,8499.23,0.90134,0.66706,1.09467,0.87939,0.6756,0.73497,0.43396,1.54111,0.77676,1.54069,0.016635,0.005545,0.016635,0.005545,0.016635,0.005545,0.016635,0.005545
182,8545.31,0.89381,0.66033,1.0932,0.87747,0.67009,0.73609,0.43456,1.53553,0.77005,1.54212,0.0165607,0.00552025,0.0165607,0.00552025,0.0165607,0.00552025,0.0165607,0.00552025
183,8591.36,0.89502,0.66004,1.09003,0.87647,0.67009,0.74203,0.43717,1.51289,0.77184,1.52596,0.0164865,0.0054955,0.0164865,0.0054955,0.0164865,0.0054955,0.0164865,0.0054955
184,8637.36,0.89541,0.65987,1.08837,0.86986,0.67696,0.74257,0.43677,1.51171,0.76509,1.52699,0.0164122,0.00547075,0.0164122,0.00547075,0.0164122,0.00547075,0.0164122,0.00547075
185,8683.68,0.89421,0.65929,1.09323,0.8708,0.67794,0.74243,0.43678,1.51156,0.77249,1.51983,0.016338,0.005446,0.016338,0.005446,0.016338,0.005446,0.016338,0.005446
186,8729.72,0.88335,0.65487,1.0877,0.85936,0.67728,0.74002,0.43562,1.52216,0.76762,1.52926,0.0162637,0.00542125,0.0162637,0.00542125,0.0162637,0.00542125,0.0162637,0.00542125
187,8775.69,0.89063,0.66052,1.09144,0.85744,0.66914,0.73805,0.43816,1.50832,0.76463,1.51851,0.0161895,0.0053965,0.0161895,0.0053965,0.0161895,0.0053965,0.0161895,0.0053965
188,8821.66,0.88538,0.65661,1.08953,0.86878,0.67623,0.74204,0.44115,1.50443,0.76049,1.51699,0.0161152,0.00537175,0.0161152,0.00537175,0.0161152,0.00537175,0.0161152,0.00537175
189,8867.75,0.89096,0.65391,1.0908,0.86257,0.67738,0.74582,0.44234,1.50912,0.75527,1.52204,0.016041,0.005347,0.016041,0.005347,0.016041,0.005347,0.016041,0.005347
190,8913.78,0.88455,0.64699,1.08359,0.8383,0.69381,0.74302,0.44065,1.51222,0.76098,1.52313,0.0159668,0.00532225,0.0159668,0.00532225,0.0159668,0.00532225,0.0159668,0.00532225
191,8959.82,0.88338,0.6536,1.08484,0.86508,0.68043,0.74864,0.43708,1.52532,0.76436,1.53195,0.0158925,0.0052975,0.0158925,0.0052975,0.0158925,0.0052975,0.0158925,0.0052975
192,9005.64,0.88188,0.65194,1.09005,0.86347,0.6891,0.75265,0.4409,1.51815,0.75907,1.52801,0.0158182,0.00527275,0.0158182,0.00527275,0.0158182,0.00527275,0.0158182,0.00527275
193,9051.73,0.88729,0.64718,1.08345,0.85055,0.69663,0.7513,0.44164,1.52503,0.76102,1.53411,0.015744,0.005248,0.015744,0.005248,0.015744,0.005248,0.015744,0.005248
194,9097.8,0.88558,0.64914,1.08664,0.84266,0.69813,0.74885,0.44162,1.52708,0.75937,1.53687,0.0156697,0.00522325,0.0156697,0.00522325,0.0156697,0.00522325,0.0156697,0.00522325
195,9143.77,0.8855,0.64991,1.08655,0.84255,0.69084,0.74608,0.44096,1.51449,0.75519,1.52701,0.0155955,0.0051985,0.0155955,0.0051985,0.0155955,0.0051985,0.0155955,0.0051985
196,9189.87,0.88425,0.65083,1.086,0.85116,0.68814,0.74686,0.43925,1.5154,0.74773,1.52527,0.0155212,0.00517375,0.0155212,0.00517375,0.0155212,0.00517375,0.0155212,0.00517375
197,9236.18,0.88654,0.65076,1.08457,0.84274,0.69105,0.74598,0.43926,1.51435,0.74306,1.52908,0.015447,0.005149,0.015447,0.005149,0.015447,0.005149,0.015447,0.005149
198,9282.16,0.87997,0.64673,1.0846,0.81776,0.70393,0.7454,0.4398,1.50435,0.74533,1.5211,0.0153727,0.00512425,0.0153727,0.00512425,0.0153727,0.00512425,0.0153727,0.00512425
199,9328.2,0.86919,0.6453,1.08079,0.84909,0.68577,0.74288,0.44072,1.49904,0.74946,1.52051,0.0152985,0.0050995,0.0152985,0.0050995,0.0152985,0.0050995,0.0152985,0.0050995
200,9374.34,0.88267,0.65093,1.07935,0.862,0.67934,0.7427,0.44233,1.49932,0.75092,1.52483,0.0152242,0.00507475,0.0152242,0.00507475,0.0152242,0.00507475,0.0152242,0.00507475
201,9420.11,0.86809,0.64012,1.07752,0.84796,0.6829,0.73811,0.43756,1.5039,0.75878,1.53037,0.01515,0.00505,0.01515,0.00505,0.01515,0.00505,0.01515,0.00505
202,9466.19,0.87565,0.64167,1.07993,0.87802,0.67445,0.73767,0.43795,1.50697,0.76264,1.53347,0.0150757,0.00502525,0.0150757,0.00502525,0.0150757,0.00502525,0.0150757,0.00502525
203,9512.16,0.8717,0.64022,1.08357,0.86002,0.68204,0.73677,0.44076,1.5034,0.75938,1.53254,0.0150015,0.0050005,0.0150015,0.0050005,0.0150015,0.0050005,0.0150015,0.0050005
204,9558.21,0.87013,0.64288,1.07766,0.8643,0.68442,0.73625,0.4416,1.50717,0.76266,1.53861,0.0149273,0.00497575,0.0149273,0.00497575,0.0149273,0.00497575,0.0149273,0.00497575
205,9604.27,0.86656,0.63487,1.07725,0.8482,0.69509,0.73733,0.44355,1.50112,0.7609,1.53239,0.014853,0.004951,0.014853,0.004951,0.014853,0.004951,0.014853,0.004951
206,9650,0.87316,0.64393,1.07798,0.85984,0.68475,0.73527,0.44141,1.50265,0.76008,1.53377,0.0147788,0.00492625,0.0147788,0.00492625,0.0147788,0.00492625,0.0147788,0.00492625
207,9696.02,0.8699,0.64092,1.08023,0.88615,0.67962,0.73638,0.44203,1.49459,0.75785,1.52741,0.0147045,0.0049015,0.0147045,0.0049015,0.0147045,0.0049015,0.0147045,0.0049015
208,9742,0.86994,0.63812,1.07911,0.87823,0.67945,0.73443,0.44089,1.49084,0.75492,1.52213,0.0146303,0.00487675,0.0146303,0.00487675,0.0146303,0.00487675,0.0146303,0.00487675
209,9788.21,0.86915,0.63394,1.07481,0.85553,0.6884,0.73655,0.44074,1.48768,0.75721,1.51761,0.014556,0.004852,0.014556,0.004852,0.014556,0.004852,0.014556,0.004852
210,9834.09,0.86398,0.63238,1.07634,0.83486,0.69514,0.7367,0.4406,1.49033,0.76158,1.51581,0.0144817,0.00482725,0.0144817,0.00482725,0.0144817,0.00482725,0.0144817,0.00482725
211,9880.01,0.87236,0.63496,1.07583,0.83405,0.7073,0.74269,0.44262,1.48123,0.75611,1.50767,0.0144075,0.0048025,0.0144075,0.0048025,0.0144075,0.0048025,0.0144075,0.0048025
212,9926.13,0.86432,0.63241,1.07244,0.82423,0.7159,0.74055,0.4433,1.47811,0.74896,1.50423,0.0143333,0.00477775,0.0143333,0.00477775,0.0143333,0.00477775,0.0143333,0.00477775
213,9972.06,0.86059,0.62975,1.07272,0.83626,0.70907,0.74254,0.44771,1.47079,0.74703,1.50181,0.014259,0.004753,0.014259,0.004753,0.014259,0.004753,0.014259,0.004753
214,10018.1,0.86555,0.63509,1.07846,0.83454,0.71135,0.74203,0.44376,1.47243,0.748,1.50539,0.0141848,0.00472825,0.0141848,0.00472825,0.0141848,0.00472825,0.0141848,0.00472825
215,10064.3,0.86432,0.63333,1.0758,0.83338,0.71511,0.74631,0.44513,1.47356,0.7498,1.50644,0.0141105,0.0047035,0.0141105,0.0047035,0.0141105,0.0047035,0.0141105,0.0047035
216,10110.4,0.87014,0.62946,1.07587,0.85666,0.69837,0.7455,0.44822,1.46628,0.74863,1.50573,0.0140363,0.00467875,0.0140363,0.00467875,0.0140363,0.00467875,0.0140363,0.00467875
217,10156.8,0.85765,0.62708,1.07205,0.85928,0.70102,0.75033,0.44772,1.46118,0.74619,1.50224,0.013962,0.004654,0.013962,0.004654,0.013962,0.004654,0.013962,0.004654
218,10202.8,0.85928,0.63123,1.06988,0.86038,0.69642,0.75135,0.44745,1.45942,0.75102,1.49987,0.0138878,0.00462925,0.0138878,0.00462925,0.0138878,0.00462925,0.0138878,0.00462925
219,10248.9,0.86256,0.63335,1.07326,0.83109,0.71053,0.75083,0.4499,1.45834,0.7504,1.4995,0.0138135,0.0046045,0.0138135,0.0046045,0.0138135,0.0046045,0.0138135,0.0046045
220,10295,0.8631,0.62527,1.07367,0.83743,0.70713,0.75123,0.44911,1.4611,0.75377,1.49784,0.0137392,0.00457975,0.0137392,0.00457975,0.0137392,0.00457975,0.0137392,0.00457975
221,10340.9,0.85623,0.62632,1.06888,0.87162,0.68691,0.7488,0.44972,1.46241,0.75132,1.49829,0.013665,0.004555,0.013665,0.004555,0.013665,0.004555,0.013665,0.004555
222,10386.9,0.86017,0.62829,1.07295,0.86303,0.6902,0.74838,0.44891,1.46165,0.75382,1.4963,0.0135908,0.00453025,0.0135908,0.00453025,0.0135908,0.00453025,0.0135908,0.00453025
223,10432.8,0.85155,0.62127,1.06674,0.881,0.69114,0.75111,0.4503,1.45569,0.75029,1.49213,0.0135165,0.0045055,0.0135165,0.0045055,0.0135165,0.0045055,0.0135165,0.0045055
224,10479,0.85629,0.6237,1.07263,0.86972,0.69081,0.75136,0.44903,1.45558,0.74823,1.49055,0.0134422,0.00448075,0.0134422,0.00448075,0.0134422,0.00448075,0.0134422,0.00448075
225,10525,0.84647,0.61985,1.06955,0.87013,0.6954,0.75534,0.4489,1.45231,0.74448,1.48844,0.013368,0.004456,0.013368,0.004456,0.013368,0.004456,0.013368,0.004456
226,10571.1,0.85109,0.61812,1.06706,0.86011,0.69845,0.75747,0.44961,1.45162,0.74408,1.48539,0.0132938,0.00443125,0.0132938,0.00443125,0.0132938,0.00443125,0.0132938,0.00443125
227,10617,0.85098,0.62479,1.06855,0.87967,0.70017,0.76206,0.45027,1.45,0.74312,1.48479,0.0132195,0.0044065,0.0132195,0.0044065,0.0132195,0.0044065,0.0132195,0.0044065
228,10663,0.85236,0.62031,1.06931,0.87314,0.70534,0.76413,0.4508,1.45368,0.74181,1.48767,0.0131452,0.00438175,0.0131452,0.00438175,0.0131452,0.00438175,0.0131452,0.00438175
229,10709.1,0.84957,0.61579,1.0666,0.8914,0.70384,0.76722,0.45231,1.45229,0.73891,1.48677,0.013071,0.004357,0.013071,0.004357,0.013071,0.004357,0.013071,0.004357
230,10755.2,0.84496,0.61424,1.06111,0.89304,0.70573,0.76762,0.45253,1.4573,0.7386,1.49195,0.0129967,0.00433225,0.0129967,0.00433225,0.0129967,0.00433225,0.0129967,0.00433225
231,10801,0.84099,0.61666,1.06491,0.89117,0.70354,0.76725,0.44968,1.45839,0.73727,1.49401,0.0129225,0.0043075,0.0129225,0.0043075,0.0129225,0.0043075,0.0129225,0.0043075
232,10847,0.84651,0.61988,1.06529,0.89332,0.7033,0.76578,0.4511,1.45562,0.73966,1.49273,0.0128483,0.00428275,0.0128483,0.00428275,0.0128483,0.00428275,0.0128483,0.00428275
233,10893.1,0.84766,0.61402,1.0634,0.88999,0.7048,0.76464,0.45035,1.45419,0.73866,1.49045,0.012774,0.004258,0.012774,0.004258,0.012774,0.004258,0.012774,0.004258
234,10939.2,0.84637,0.6149,1.06445,0.90014,0.69997,0.76365,0.45,1.45416,0.73772,1.49084,0.0126997,0.00423325,0.0126997,0.00423325,0.0126997,0.00423325,0.0126997,0.00423325
235,10985.4,0.84,0.61233,1.06632,0.8618,0.71914,0.76566,0.44896,1.45234,0.73728,1.48731,0.0126255,0.0042085,0.0126255,0.0042085,0.0126255,0.0042085,0.0126255,0.0042085
236,11031.5,0.85035,0.61563,1.06326,0.89557,0.69983,0.76565,0.45057,1.45242,0.73827,1.48693,0.0125512,0.00418375,0.0125512,0.00418375,0.0125512,0.00418375,0.0125512,0.00418375
237,11077.3,0.84465,0.6142,1.0639,0.89073,0.69891,0.76372,0.4506,1.4534,0.73639,1.48598,0.012477,0.004159,0.012477,0.004159,0.012477,0.004159,0.012477,0.004159
238,11123.3,0.84375,0.6089,1.06208,0.87773,0.70299,0.75998,0.45157,1.45203,0.73695,1.48573,0.0124027,0.00413425,0.0124027,0.00413425,0.0124027,0.00413425,0.0124027,0.00413425
239,11169.7,0.84632,0.6133,1.06049,0.87952,0.69961,0.75974,0.45117,1.4519,0.73745,1.48639,0.0123285,0.0041095,0.0123285,0.0041095,0.0123285,0.0041095,0.0123285,0.0041095
240,11215.8,0.83515,0.60638,1.06015,0.88905,0.69707,0.75695,0.45069,1.44963,0.73737,1.48525,0.0122542,0.00408475,0.0122542,0.00408475,0.0122542,0.00408475,0.0122542,0.00408475
241,11261.9,0.83819,0.61261,1.06153,0.88597,0.69617,0.75628,0.45191,1.44825,0.73713,1.48318,0.01218,0.00406,0.01218,0.00406,0.01218,0.00406,0.01218,0.00406
242,11308,0.83919,0.60329,1.05747,0.88432,0.6958,0.75407,0.45392,1.44491,0.73802,1.48063,0.0121057,0.00403525,0.0121057,0.00403525,0.0121057,0.00403525,0.0121057,0.00403525
243,11353.9,0.83806,0.60609,1.05923,0.88551,0.69531,0.7547,0.45439,1.44262,0.73819,1.47896,0.0120315,0.0040105,0.0120315,0.0040105,0.0120315,0.0040105,0.0120315,0.0040105
244,11400,0.84146,0.60564,1.06074,0.87957,0.69631,0.75678,0.455,1.44128,0.73874,1.47724,0.0119572,0.00398575,0.0119572,0.00398575,0.0119572,0.00398575,0.0119572,0.00398575
245,11446.1,0.8302,0.60609,1.05651,0.86909,0.69992,0.75609,0.4575,1.43892,0.73505,1.4761,0.011883,0.003961,0.011883,0.003961,0.011883,0.003961,0.011883,0.003961
246,11492.2,0.83242,0.60569,1.05662,0.87274,0.6981,0.75655,0.45574,1.43874,0.73556,1.47581,0.0118087,0.00393625,0.0118087,0.00393625,0.0118087,0.00393625,0.0118087,0.00393625
247,11538.4,0.83739,0.60422,1.05607,0.87176,0.69813,0.7568,0.45677,1.43826,0.73572,1.47453,0.0117345,0.0039115,0.0117345,0.0039115,0.0117345,0.0039115,0.0117345,0.0039115
248,11584.4,0.82505,0.59579,1.05444,0.87536,0.70198,0.75922,0.45713,1.43894,0.73606,1.47459,0.0116602,0.00388675,0.0116602,0.00388675,0.0116602,0.00388675,0.0116602,0.00388675
249,11630.6,0.83499,0.60212,1.05676,0.87436,0.70182,0.75873,0.45643,1.43992,0.73468,1.47715,0.011586,0.003862,0.011586,0.003862,0.011586,0.003862,0.011586,0.003862
250,11676.8,0.83856,0.60791,1.06045,0.87548,0.70255,0.75893,0.45595,1.4397,0.7328,1.47682,0.0115117,0.00383725,0.0115117,0.00383725,0.0115117,0.00383725,0.0115117,0.00383725
251,11722.9,0.82742,0.59884,1.05653,0.88155,0.70741,0.76312,0.4573,1.439,0.73248,1.47516,0.0114375,0.0038125,0.0114375,0.0038125,0.0114375,0.0038125,0.0114375,0.0038125
252,11768.9,0.82885,0.59981,1.05602,0.87303,0.71076,0.76411,0.45914,1.44014,0.73198,1.47316,0.0113633,0.00378775,0.0113633,0.00378775,0.0113633,0.00378775,0.0113633,0.00378775
253,11815,0.83106,0.60392,1.05633,0.87993,0.70883,0.76102,0.45787,1.44098,0.73386,1.47523,0.011289,0.003763,0.011289,0.003763,0.011289,0.003763,0.011289,0.003763
254,11861,0.82443,0.59694,1.0585,0.87914,0.71032,0.76326,0.45888,1.43993,0.73563,1.47403,0.0112148,0.00373825,0.0112148,0.00373825,0.0112148,0.00373825,0.0112148,0.00373825
255,11907,0.83122,0.59564,1.05547,0.87965,0.7108,0.76281,0.45844,1.44232,0.73622,1.47701,0.0111405,0.0037135,0.0111405,0.0037135,0.0111405,0.0037135,0.0111405,0.0037135
256,11953.1,0.82087,0.59911,1.05071,0.87723,0.71006,0.76073,0.45898,1.44342,0.73684,1.47988,0.0110663,0.00368875,0.0110663,0.00368875,0.0110663,0.00368875,0.0110663,0.00368875
257,11999.2,0.82535,0.59984,1.05579,0.87815,0.71009,0.76102,0.45908,1.44402,0.73759,1.48045,0.010992,0.003664,0.010992,0.003664,0.010992,0.003664,0.010992,0.003664
258,12045.4,0.82917,0.59576,1.0521,0.87821,0.70974,0.76021,0.45712,1.44865,0.73845,1.48447,0.0109178,0.00363925,0.0109178,0.00363925,0.0109178,0.00363925,0.0109178,0.00363925
259,12091.5,0.82105,0.59408,1.0527,0.87823,0.70826,0.75896,0.45533,1.45011,0.73904,1.48359,0.0108435,0.0036145,0.0108435,0.0036145,0.0108435,0.0036145,0.0108435,0.0036145
260,12137.9,0.82391,0.59091,1.04874,0.8801,0.70645,0.75908,0.45572,1.44835,0.73948,1.48358,0.0107693,0.00358975,0.0107693,0.00358975,0.0107693,0.00358975,0.0107693,0.00358975
261,12183.9,0.82008,0.5938,1.04697,0.87609,0.71446,0.7581,0.45417,1.4492,0.7361,1.48414,0.010695,0.003565,0.010695,0.003565,0.010695,0.003565,0.010695,0.003565
262,12230.2,0.82665,0.59272,1.05285,0.87281,0.71619,0.76053,0.45704,1.44927,0.73626,1.48379,0.0106207,0.00354025,0.0106207,0.00354025,0.0106207,0.00354025,0.0106207,0.00354025
263,12276.2,0.81276,0.58545,1.04768,0.86629,0.71492,0.76008,0.45551,1.44863,0.73509,1.48388,0.0105465,0.0035155,0.0105465,0.0035155,0.0105465,0.0035155,0.0105465,0.0035155
264,12322.2,0.82226,0.58958,1.05015,0.85694,0.71395,0.7602,0.45582,1.44717,0.73422,1.48305,0.0104723,0.00349075,0.0104723,0.00349075,0.0104723,0.00349075,0.0104723,0.00349075
265,12368.2,0.82722,0.59207,1.05126,0.86271,0.71217,0.76022,0.45601,1.44741,0.73495,1.48311,0.010398,0.003466,0.010398,0.003466,0.010398,0.003466,0.010398,0.003466
266,12414.1,0.81386,0.58618,1.05036,0.85682,0.71727,0.76026,0.45758,1.44894,0.73387,1.48503,0.0103237,0.00344125,0.0103237,0.00344125,0.0103237,0.00344125,0.0103237,0.00344125
267,12460.3,0.82106,0.59105,1.04917,0.84808,0.72268,0.75764,0.4561,1.44963,0.73248,1.48559,0.0102495,0.0034165,0.0102495,0.0034165,0.0102495,0.0034165,0.0102495,0.0034165
268,12506.5,0.81379,0.58495,1.04796,0.85221,0.72278,0.7614,0.45655,1.4495,0.73162,1.48699,0.0101753,0.00339175,0.0101753,0.00339175,0.0101753,0.00339175,0.0101753,0.00339175
269,12552.6,0.8193,0.59216,1.05191,0.85335,0.72464,0.76294,0.45697,1.44965,0.73168,1.48785,0.010101,0.003367,0.010101,0.003367,0.010101,0.003367,0.010101,0.003367
270,12598.7,0.81684,0.59228,1.05051,0.85157,0.72506,0.76452,0.45773,1.45178,0.73221,1.49049,0.0100267,0.00334225,0.0100267,0.00334225,0.0100267,0.00334225,0.0100267,0.00334225
271,12644.8,0.81815,0.58422,1.04705,0.85218,0.7255,0.76478,0.45823,1.45235,0.73236,1.49101,0.0099525,0.0033175,0.0099525,0.0033175,0.0099525,0.0033175,0.0099525,0.0033175
272,12690.9,0.80685,0.57578,1.04013,0.85621,0.72797,0.76614,0.45558,1.45235,0.73129,1.49138,0.00987825,0.00329275,0.00987825,0.00329275,0.00987825,0.00329275,0.00987825,0.00329275
273,12737,0.81744,0.5872,1.0473,0.85774,0.72805,0.76621,0.45511,1.45367,0.73217,1.49372,0.009804,0.003268,0.009804,0.003268,0.009804,0.003268,0.009804,0.003268
274,12783.1,0.81546,0.58116,1.04459,0.85899,0.72807,0.76729,0.45481,1.45287,0.73269,1.49417,0.00972975,0.00324325,0.00972975,0.00324325,0.00972975,0.00324325,0.00972975,0.00324325
275,12829.2,0.80771,0.58075,1.04556,0.8605,0.72733,0.76656,0.4535,1.45273,0.73279,1.49443,0.0096555,0.0032185,0.0096555,0.0032185,0.0096555,0.0032185,0.0096555,0.0032185
276,12875.3,0.81243,0.58213,1.04674,0.85449,0.72553,0.76588,0.45401,1.45232,0.73345,1.49357,0.00958125,0.00319375,0.00958125,0.00319375,0.00958125,0.00319375,0.00958125,0.00319375
277,12921.3,0.80637,0.58606,1.0449,0.85069,0.72637,0.7658,0.45338,1.45226,0.73282,1.49386,0.009507,0.003169,0.009507,0.003169,0.009507,0.003169,0.009507,0.003169
278,12967.4,0.81015,0.58285,1.04413,0.85183,0.72673,0.76582,0.45271,1.45302,0.73254,1.49514,0.00943275,0.00314425,0.00943275,0.00314425,0.00943275,0.00314425,0.00943275,0.00314425
279,13013.7,0.8084,0.57883,1.04262,0.85608,0.72594,0.76565,0.45426,1.45262,0.73259,1.49532,0.0093585,0.0031195,0.0093585,0.0031195,0.0093585,0.0031195,0.0093585,0.0031195
280,13059.6,0.80634,0.58167,1.04474,0.85784,0.72696,0.76676,0.45405,1.45337,0.73205,1.49633,0.00928425,0.00309475,0.00928425,0.00309475,0.00928425,0.00309475,0.00928425,0.00309475
281,13105.7,0.80564,0.57494,1.03997,0.85737,0.72591,0.76678,0.4544,1.45261,0.73177,1.49633,0.00921,0.00307,0.00921,0.00307,0.00921,0.00307,0.00921,0.00307
282,13151.9,0.8003,0.57604,1.04225,0.86088,0.72614,0.76731,0.4535,1.45308,0.73218,1.49699,0.00913575,0.00304525,0.00913575,0.00304525,0.00913575,0.00304525,0.00913575,0.00304525
283,13198,0.80248,0.57695,1.04122,0.8613,0.72397,0.76752,0.45315,1.45351,0.7333,1.49714,0.0090615,0.0030205,0.0090615,0.0030205,0.0090615,0.0030205,0.0090615,0.0030205
284,13244.1,0.80311,0.57611,1.04076,0.86633,0.72498,0.76594,0.45258,1.45282,0.73365,1.4972,0.00898725,0.00299575,0.00898725,0.00299575,0.00898725,0.00299575,0.00898725,0.00299575
285,13290.2,0.80278,0.57683,1.03976,0.86762,0.725,0.76675,0.45245,1.45362,0.7332,1.49829,0.008913,0.002971,0.008913,0.002971,0.008913,0.002971,0.008913,0.002971
286,13336.1,0.7938,0.57489,1.04122,0.86667,0.7254,0.76652,0.45248,1.45319,0.73345,1.49862,0.00883875,0.00294625,0.00883875,0.00294625,0.00883875,0.00294625,0.00883875,0.00294625
287,13382.1,0.80764,0.57657,1.04248,0.86745,0.72574,0.7688,0.45339,1.45569,0.73222,1.50174,0.0087645,0.0029215,0.0087645,0.0029215,0.0087645,0.0029215,0.0087645,0.0029215
288,13427.9,0.79525,0.57159,1.03895,0.90107,0.7064,0.76972,0.45291,1.45506,0.73147,1.50246,0.00869025,0.00289675,0.00869025,0.00289675,0.00869025,0.00289675,0.00869025,0.00289675
289,13474.1,0.80509,0.57632,1.04365,0.89848,0.70467,0.76833,0.45362,1.45591,0.73249,1.50327,0.008616,0.002872,0.008616,0.002872,0.008616,0.002872,0.008616,0.002872
290,13520.1,0.80268,0.573,1.0392,0.89002,0.70589,0.76854,0.45411,1.45569,0.73101,1.50359,0.00854175,0.00284725,0.00854175,0.00284725,0.00854175,0.00284725,0.00854175,0.00284725
291,13566,0.79692,0.5711,1.04071,0.86769,0.72215,0.7703,0.45418,1.45539,0.73115,1.50294,0.0084675,0.0028225,0.0084675,0.0028225,0.0084675,0.0028225,0.0084675,0.0028225
292,13612.1,0.79695,0.57029,1.03558,0.86447,0.72166,0.76865,0.45234,1.4562,0.73195,1.50353,0.00839325,0.00279775,0.00839325,0.00279775,0.00839325,0.00279775,0.00839325,0.00279775
293,13658.1,0.79903,0.56925,1.03735,0.89688,0.70477,0.77024,0.45351,1.45606,0.73128,1.50529,0.008319,0.002773,0.008319,0.002773,0.008319,0.002773,0.008319,0.002773
294,13704.2,0.78633,0.56432,1.03522,0.87089,0.72248,0.77087,0.4537,1.45646,0.72938,1.50525,0.00824475,0.00274825,0.00824475,0.00274825,0.00824475,0.00274825,0.00824475,0.00274825
295,13750.3,0.79366,0.56803,1.03547,0.87104,0.72092,0.77053,0.45302,1.45734,0.72904,1.50676,0.0081705,0.0027235,0.0081705,0.0027235,0.0081705,0.0027235,0.0081705,0.0027235
296,13796.3,0.79575,0.56678,1.03282,0.87221,0.71926,0.77045,0.45352,1.45616,0.72794,1.50622,0.00809625,0.00269875,0.00809625,0.00269875,0.00809625,0.00269875,0.00809625,0.00269875
297,13842.4,0.78516,0.56106,1.03125,0.8741,0.72173,0.77077,0.45392,1.45571,0.72784,1.50732,0.008022,0.002674,0.008022,0.002674,0.008022,0.002674,0.008022,0.002674
298,13888.6,0.78721,0.55757,1.03217,0.87641,0.72089,0.77078,0.45411,1.4562,0.72683,1.50714,0.00794775,0.00264925,0.00794775,0.00264925,0.00794775,0.00264925,0.00794775,0.00264925
299,13934.9,0.78817,0.56615,1.03431,0.87877,0.72134,0.77081,0.45396,1.45634,0.72709,1.50741,0.0078735,0.0026245,0.0078735,0.0026245,0.0078735,0.0026245,0.0078735,0.0026245
300,13981.1,0.79067,0.56137,1.03148,0.88411,0.71987,0.7704,0.45423,1.45747,0.72816,1.5098,0.00779925,0.00259975,0.00779925,0.00259975,0.00779925,0.00259975,0.00779925,0.00259975
301,14027.1,0.78623,0.56434,1.03323,0.88846,0.71881,0.7699,0.45548,1.45782,0.72852,1.50963,0.007725,0.002575,0.007725,0.002575,0.007725,0.002575,0.007725,0.002575
302,14073.3,0.78766,0.55945,1.03453,0.89507,0.71912,0.77053,0.45457,1.45782,0.72865,1.51013,0.00765075,0.00255025,0.00765075,0.00255025,0.00765075,0.00255025,0.00765075,0.00255025
